sourceAssetPath,sourceKind,sceneName,hierarchyPath,nearestPrefabRoot,componentType,propertyName,issueType,assetType,assetPath,shaderName,size,details
Assets/AddOn/ParticleEffectForUGUI-main/Samples~/Cartoon FX & War FX Demo/CFX Free Demo.unity,Scene,CFX Free Demo,Canvas/Btn_SlowMo,,Button,m_HighlightedSprite,unresolved_guid,sprite,,,80x80,"Unresolved sprite GUID 48624f05b683e4a4ab1a142e40fd6971. GUID could not be resolved from project, package, or package cache metadata."
Assets/AddOn/ParticleEffectForUGUI-main/Samples~/Cartoon FX & War FX Demo/CFX Free Demo.unity,Scene,CFX Free Demo,Canvas/Btn_SlowMo,,Button,m_PressedSprite,unresolved_guid,sprite,,,80x80,"Unresolved sprite GUID 48624f05b683e4a4ab1a142e40fd6971. GUID could not be resolved from project, package, or package cache metadata."
Assets/AddOn/ParticleEffectForUGUI-main/Samples~/Cartoon FX & War FX Demo/CFX Free Demo.unity,Scene,CFX Free Demo,Canvas/Btn_SlowMo,,Image,m_Sprite,unresolved_guid,sprite,,,80x80,"Unresolved sprite GUID 5ec8fc5d939ea2244985ca77a114c9d0. GUID could not be resolved from project, package, or package cache metadata."
Assets/AddOn/ParticleEffectForUGUI-main/Samples~/Cartoon FX & War FX Demo/CFX Free Demo.unity,Scene,CFX Free Demo,Canvas/Btn_PrevEffect,,Image,m_Sprite,unresolved_guid,sprite,,,60x60,"Unresolved sprite GUID 3783f195e2c8dc84cb1461fbe881e9cb. GUID could not be resolved from project, package, or package cache metadata."
Assets/AddOn/ParticleEffectForUGUI-main/Samples~/Cartoon FX & War FX Demo/CFX Free Demo.unity,Scene,CFX Free Demo,Canvas/Btn_NextEffect,,Image,m_Sprite,unresolved_guid,sprite,,,60x60,"Unresolved sprite GUID 6ca93523b0317c242b05932fedb07cb3. GUID could not be resolved from project, package, or package cache metadata."
Assets/AddOn/ParticleEffectForUGUI-main/Samples~/Cartoon FX & War FX Demo/CFX Free Demo.unity,Scene,CFX Free Demo,Ground,,Class23,- {fileID,unresolved_guid,material,,,,"Unresolved material GUID 7b43a19f99847f94f8e4ab851c1cb07c. GUID could not be resolved from project, package, or package cache metadata."
Assets/AddOn/ParticleEffectForUGUI-main/Samples~/Cartoon FX & War FX Demo/CFX Free Demo.unity,Scene,CFX Free Demo,Canvas/Btn_ShowGround,,Button,m_HighlightedSprite,unresolved_guid,sprite,,,80x80,"Unresolved sprite GUID 5cc9c4a6db9a74a40aaed761fc99294c. GUID could not be resolved from project, package, or package cache metadata."
Assets/AddOn/ParticleEffectForUGUI-main/Samples~/Cartoon FX & War FX Demo/CFX Free Demo.unity,Scene,CFX Free Demo,Canvas/Btn_ShowGround,,Button,m_PressedSprite,unresolved_guid,sprite,,,80x80,"Unresolved sprite GUID 5cc9c4a6db9a74a40aaed761fc99294c. GUID could not be resolved from project, package, or package cache metadata."
Assets/AddOn/ParticleEffectForUGUI-main/Samples~/Cartoon FX & War FX Demo/CFX Free Demo.unity,Scene,CFX Free Demo,Canvas/Btn_ShowGround,,Image,m_Sprite,unresolved_guid,sprite,,,80x80,"Unresolved sprite GUID a2bcf923df54ffa4ba7e795955c5dc22. GUID could not be resolved from project, package, or package cache metadata."
Assets/AddOn/ParticleEffectForUGUI-main/Samples~/Cartoon FX & War FX Demo/CFX Free Demo.unity,Scene,CFX Free Demo,Canvas/Logo,,Image,m_Sprite,unresolved_guid,sprite,,,338x45,"Unresolved sprite GUID c474936d3f7aa204d8939cbe05170aa5. GUID could not be resolved from project, package, or package cache metadata."
Assets/AddOn/ParticleEffectForUGUI-main/Samples~/Cartoon FX & War FX Demo/CFX Free Demo.unity,Scene,CFX Free Demo,Canvas/Btn_CameraRotation,,Button,m_HighlightedSprite,unresolved_guid,sprite,,,80x80,"Unresolved sprite GUID 90cdb91b8028d984b9adf63a23402f86. GUID could not be resolved from project, package, or package cache metadata."
Assets/AddOn/ParticleEffectForUGUI-main/Samples~/Cartoon FX & War FX Demo/CFX Free Demo.unity,Scene,CFX Free Demo,Canvas/Btn_CameraRotation,,Button,m_PressedSprite,unresolved_guid,sprite,,,80x80,"Unresolved sprite GUID 90cdb91b8028d984b9adf63a23402f86. GUID could not be resolved from project, package, or package cache metadata."
Assets/AddOn/ParticleEffectForUGUI-main/Samples~/Cartoon FX & War FX Demo/CFX Free Demo.unity,Scene,CFX Free Demo,Canvas/Btn_CameraRotation,,Image,m_Sprite,unresolved_guid,sprite,,,80x80,"Unresolved sprite GUID 4c72f3c555f96274787f31379fabb6ff. GUID could not be resolved from project, package, or package cache metadata."
Assets/AddOn/ParticleEffectForUGUI-main/Samples~/Cartoon FX & War FX Demo/WarFX Demo New.unity,Scene,WarFX Demo New,,,PrefabInstanceModification,- target,unresolved_guid,material,,,,"Unresolved material GUID 7350c439920074a58a63ca710c013777. GUID could not be resolved from project, package, or package cache metadata."
Assets/AddOn/ParticleEffectForUGUI-main/Samples~/Cartoon FX & War FX Demo/WarFX Demo New.unity,Scene,WarFX Demo New,,,PrefabInstanceModification,objectReference,unresolved_guid,material,,,,"Unresolved material GUID 59a86acc489cd454cbc07c4848d68ef3. GUID could not be resolved from project, package, or package cache metadata."
Assets/AddOn/ParticleEffectForUGUI-main/Samples~/Cartoon FX & War FX Demo/WarFX Demo New.unity,Scene,WarFX Demo New,Canvas/Btn_CameraRotation,,Image,m_Sprite,unresolved_guid,sprite,,,80x80,"Unresolved sprite GUID 4c72f3c555f96274787f31379fabb6ff. GUID could not be resolved from project, package, or package cache metadata."
Assets/AddOn/ParticleEffectForUGUI-main/Samples~/Cartoon FX & War FX Demo/WarFX Demo New.unity,Scene,WarFX Demo New,Canvas/Btn_CameraRotation,,Button,m_HighlightedSprite,unresolved_guid,sprite,,,80x80,"Unresolved sprite GUID 90cdb91b8028d984b9adf63a23402f86. GUID could not be resolved from project, package, or package cache metadata."
Assets/AddOn/ParticleEffectForUGUI-main/Samples~/Cartoon FX & War FX Demo/WarFX Demo New.unity,Scene,WarFX Demo New,Canvas/Btn_CameraRotation,,Button,m_PressedSprite,unresolved_guid,sprite,,,80x80,"Unresolved sprite GUID 90cdb91b8028d984b9adf63a23402f86. GUID could not be resolved from project, package, or package cache metadata."
Assets/AddOn/ParticleEffectForUGUI-main/Samples~/Cartoon FX & War FX Demo/WarFX Demo New.unity,Scene,WarFX Demo New,,,PrefabInstanceModification,- target,unresolved_guid,material,,,,"Unresolved material GUID 7350c439920074a58a63ca710c013777. GUID could not be resolved from project, package, or package cache metadata."
Assets/AddOn/ParticleEffectForUGUI-main/Samples~/Cartoon FX & War FX Demo/WarFX Demo New.unity,Scene,WarFX Demo New,,,PrefabInstanceModification,objectReference,unresolved_guid,material,,,,"Unresolved material GUID 59a86acc489cd454cbc07c4848d68ef3. GUID could not be resolved from project, package, or package cache metadata."
Assets/AddOn/ParticleEffectForUGUI-main/Samples~/Cartoon FX & War FX Demo/WarFX Demo New.unity,Scene,WarFX Demo New,Ground,,Class23,- {fileID,unresolved_guid,material,,,,"Unresolved material GUID dc070aa3464121b4d92dc268f1a79c93. GUID could not be resolved from project, package, or package cache metadata."
Assets/AddOn/ParticleEffectForUGUI-main/Samples~/Cartoon FX & War FX Demo/WarFX Demo New.unity,Scene,WarFX Demo New,WALLS/Wall,,Class23,- {fileID,unresolved_guid,material,,,,"Unresolved material GUID af09f8959d2e3e5409129ec9ec5ab06e. GUID could not be resolved from project, package, or package cache metadata."
Assets/AddOn/ParticleEffectForUGUI-main/Samples~/Cartoon FX & War FX Demo/WarFX Demo New.unity,Scene,WarFX Demo New,Canvas/Logo,,Image,m_Sprite,unresolved_guid,sprite,,,338x45,"Unresolved sprite GUID 9162d39dfff8eee418769488b7282343. GUID could not be resolved from project, package, or package cache metadata."
Assets/AddOn/ParticleEffectForUGUI-main/Samples~/Cartoon FX & War FX Demo/WarFX Demo New.unity,Scene,WarFX Demo New,Canvas/Btn_PrevEffect,,Image,m_Sprite,unresolved_guid,sprite,,,60x60,"Unresolved sprite GUID 3783f195e2c8dc84cb1461fbe881e9cb. GUID could not be resolved from project, package, or package cache metadata."
Assets/AddOn/ParticleEffectForUGUI-main/Samples~/Cartoon FX & War FX Demo/WarFX Demo New.unity,Scene,WarFX Demo New,WALLS/Wall,,Class23,- {fileID,unresolved_guid,material,,,,"Unresolved material GUID af09f8959d2e3e5409129ec9ec5ab06e. GUID could not be resolved from project, package, or package cache metadata."
Assets/AddOn/ParticleEffectForUGUI-main/Samples~/Cartoon FX & War FX Demo/WarFX Demo New.unity,Scene,WarFX Demo New,Canvas/Btn_ShowGround,,Image,m_Sprite,unresolved_guid,sprite,,,80x80,"Unresolved sprite GUID a2bcf923df54ffa4ba7e795955c5dc22. GUID could not be resolved from project, package, or package cache metadata."
Assets/AddOn/ParticleEffectForUGUI-main/Samples~/Cartoon FX & War FX Demo/WarFX Demo New.unity,Scene,WarFX Demo New,Canvas/Btn_ShowGround,,Button,m_HighlightedSprite,unresolved_guid,sprite,,,80x80,"Unresolved sprite GUID 5cc9c4a6db9a74a40aaed761fc99294c. GUID could not be resolved from project, package, or package cache metadata."
Assets/AddOn/ParticleEffectForUGUI-main/Samples~/Cartoon FX & War FX Demo/WarFX Demo New.unity,Scene,WarFX Demo New,Canvas/Btn_ShowGround,,Button,m_PressedSprite,unresolved_guid,sprite,,,80x80,"Unresolved sprite GUID 5cc9c4a6db9a74a40aaed761fc99294c. GUID could not be resolved from project, package, or package cache metadata."
Assets/AddOn/ParticleEffectForUGUI-main/Samples~/Cartoon FX & War FX Demo/WarFX Demo New.unity,Scene,WarFX Demo New,Canvas/Btn_SlowMo,,Image,m_Sprite,unresolved_guid,sprite,,,80x80,"Unresolved sprite GUID 5ec8fc5d939ea2244985ca77a114c9d0. GUID could not be resolved from project, package, or package cache metadata."
Assets/AddOn/ParticleEffectForUGUI-main/Samples~/Cartoon FX & War FX Demo/WarFX Demo New.unity,Scene,WarFX Demo New,Canvas/Btn_SlowMo,,Button,m_HighlightedSprite,unresolved_guid,sprite,,,80x80,"Unresolved sprite GUID 48624f05b683e4a4ab1a142e40fd6971. GUID could not be resolved from project, package, or package cache metadata."
Assets/AddOn/ParticleEffectForUGUI-main/Samples~/Cartoon FX & War FX Demo/WarFX Demo New.unity,Scene,WarFX Demo New,Canvas/Btn_SlowMo,,Button,m_PressedSprite,unresolved_guid,sprite,,,80x80,"Unresolved sprite GUID 48624f05b683e4a4ab1a142e40fd6971. GUID could not be resolved from project, package, or package cache metadata."
Assets/AddOn/ParticleEffectForUGUI-main/Samples~/Cartoon FX & War FX Demo/WarFX Demo New.unity,Scene,WarFX Demo New,Canvas/Btn_NextEffect,,Image,m_Sprite,unresolved_guid,sprite,,,60x60,"Unresolved sprite GUID 6ca93523b0317c242b05932fedb07cb3. GUID could not be resolved from project, package, or package cache metadata."
Assets/AddOn/ParticleEffectForUGUI-main/Samples~/Demo/UIParticle_Demo.unity,Scene,UIParticle_Demo,,,Class104,m_SkyboxMaterial,unresolved_guid,material,,,,"Unresolved material GUID 25be524c0c3253b4ab4a046b75dad45e. GUID could not be resolved from project, package, or package cache metadata."
Assets/AddOn/Shapes2D/Demos/Flappy Shapes/Flappy Shapes.unity,Scene,Flappy Shapes,Bird,,Class58,m_Material,unresolved_guid,material,,,,"Unresolved material GUID 923589784124c409dae520b2b3d1040b. GUID could not be resolved from project, package, or package cache metadata."
Assets/AddOn/Shapes2D/Demos/Showcase/Showcase.unity,Scene,Showcase,Demo Shapes/No Outline,,SpriteRenderer,m_CorrespondingSourceObject,unresolved_guid,sprite,,,,"Unresolved sprite GUID 7a88393c660334acc91fd97a1fb22570. GUID could not be resolved from project, package, or package cache metadata."
Assets/AddOn/Shapes2D/Demos/Showcase/Showcase.unity,Scene,Showcase,Demo Shapes/Ellipse,,SpriteRenderer,m_CorrespondingSourceObject,unresolved_guid,sprite,,,,"Unresolved sprite GUID 7a88393c660334acc91fd97a1fb22570. GUID could not be resolved from project, package, or package cache metadata."
Assets/AddOn/Shapes2D/Demos/Showcase/Showcase.unity,Scene,Showcase,Norman/Tongue,,SpriteRenderer,m_CorrespondingSourceObject,unresolved_guid,sprite,,,,"Unresolved sprite GUID 50f4595a8e9f34222997de05d0c34515. GUID could not be resolved from project, package, or package cache metadata."
Assets/AddOn/Shapes2D/Demos/Showcase/Showcase.unity,Scene,Showcase,Misc Shapes/Red Shield,,SpriteRenderer,m_CorrespondingSourceObject,unresolved_guid,sprite,,,,"Unresolved sprite GUID 1203a549e5fd74eeeab1c13bac543c20. GUID could not be resolved from project, package, or package cache metadata."
Assets/AddOn/Shapes2D/Demos/Showcase/Showcase.unity,Scene,Showcase,Demo Shapes/Right Arrow,,SpriteRenderer,m_CorrespondingSourceObject,unresolved_guid,sprite,,,,"Unresolved sprite GUID 7a88393c660334acc91fd97a1fb22570. GUID could not be resolved from project, package, or package cache metadata."
Assets/AddOn/Shapes2D/Demos/Showcase/Showcase.unity,Scene,Showcase,Demo Shapes/Radial Gradient,,SpriteRenderer,m_CorrespondingSourceObject,unresolved_guid,sprite,,,,"Unresolved sprite GUID 7a88393c660334acc91fd97a1fb22570. GUID could not be resolved from project, package, or package cache metadata."
Assets/AddOn/Shapes2D/Demos/Showcase/Showcase.unity,Scene,Showcase,Norman/Tooth 3,,SpriteRenderer,m_CorrespondingSourceObject,unresolved_guid,sprite,,,,"Unresolved sprite GUID 50f4595a8e9f34222997de05d0c34515. GUID could not be resolved from project, package, or package cache metadata."
Assets/AddOn/Shapes2D/Demos/Showcase/Showcase.unity,Scene,Showcase,Demo Shapes/Triangle,,SpriteRenderer,m_CorrespondingSourceObject,unresolved_guid,sprite,,,,"Unresolved sprite GUID 7a88393c660334acc91fd97a1fb22570. GUID could not be resolved from project, package, or package cache metadata."
Assets/AddOn/Shapes2D/Demos/Showcase/Showcase.unity,Scene,Showcase,Demo Shapes/Texture,,SpriteRenderer,m_CorrespondingSourceObject,unresolved_guid,sprite,,,,"Unresolved sprite GUID 7a88393c660334acc91fd97a1fb22570. GUID could not be resolved from project, package, or package cache metadata."
Assets/AddOn/Shapes2D/Demos/Showcase/Showcase.unity,Scene,Showcase,Demo Shapes/No Fill,,SpriteRenderer,m_CorrespondingSourceObject,unresolved_guid,sprite,,,,"Unresolved sprite GUID 7a88393c660334acc91fd97a1fb22570. GUID could not be resolved from project, package, or package cache metadata."
Assets/AddOn/Shapes2D/Demos/Showcase/Showcase.unity,Scene,Showcase,Norman,,SpriteRenderer,m_CorrespondingSourceObject,unresolved_guid,sprite,,,,"Unresolved sprite GUID 50f4595a8e9f34222997de05d0c34515. GUID could not be resolved from project, package, or package cache metadata."
Assets/AddOn/Shapes2D/Demos/Showcase/Showcase.unity,Scene,Showcase,Norman/Right Horn,,SpriteRenderer,m_CorrespondingSourceObject,unresolved_guid,sprite,,,,"Unresolved sprite GUID 50f4595a8e9f34222997de05d0c34515. GUID could not be resolved from project, package, or package cache metadata."
Assets/AddOn/Shapes2D/Demos/Showcase/Showcase.unity,Scene,Showcase,Misc Shapes/Green Blurry Ring,,SpriteRenderer,m_CorrespondingSourceObject,unresolved_guid,sprite,,,,"Unresolved sprite GUID 1203a549e5fd74eeeab1c13bac543c20. GUID could not be resolved from project, package, or package cache metadata."
Assets/AddOn/Shapes2D/Demos/Showcase/Showcase.unity,Scene,Showcase,Misc Shapes/Blue Gradient Triangle,,SpriteRenderer,m_CorrespondingSourceObject,unresolved_guid,sprite,,,,"Unresolved sprite GUID 1203a549e5fd74eeeab1c13bac543c20. GUID could not be resolved from project, package, or package cache metadata."
Assets/AddOn/Shapes2D/Demos/Showcase/Showcase.unity,Scene,Showcase,Norman/Left Horn,,SpriteRenderer,m_CorrespondingSourceObject,unresolved_guid,sprite,,,,"Unresolved sprite GUID 50f4595a8e9f34222997de05d0c34515. GUID could not be resolved from project, package, or package cache metadata."
Assets/AddOn/Shapes2D/Demos/Showcase/Showcase.unity,Scene,Showcase,Demo Shapes/Grid,,SpriteRenderer,m_CorrespondingSourceObject,unresolved_guid,sprite,,,,"Unresolved sprite GUID 7a88393c660334acc91fd97a1fb22570. GUID could not be resolved from project, package, or package cache metadata."
Assets/AddOn/Shapes2D/Demos/Showcase/Showcase.unity,Scene,Showcase,Demo Shapes/Checkerboard,,SpriteRenderer,m_CorrespondingSourceObject,unresolved_guid,sprite,,,,"Unresolved sprite GUID 7a88393c660334acc91fd97a1fb22570. GUID could not be resolved from project, package, or package cache metadata."
Assets/AddOn/Shapes2D/Demos/Showcase/Showcase.unity,Scene,Showcase,Demo Shapes/Stripes,,SpriteRenderer,m_CorrespondingSourceObject,unresolved_guid,sprite,,,,"Unresolved sprite GUID 7a88393c660334acc91fd97a1fb22570. GUID could not be resolved from project, package, or package cache metadata."
Assets/AddOn/Shapes2D/Demos/Showcase/Showcase.unity,Scene,Showcase,Norman/Right Leg,,SpriteRenderer,m_CorrespondingSourceObject,unresolved_guid,sprite,,,,"Unresolved sprite GUID 50f4595a8e9f34222997de05d0c34515. GUID could not be resolved from project, package, or package cache metadata."
Assets/AddOn/Shapes2D/Demos/Showcase/Showcase.unity,Scene,Showcase,Demo Shapes/Thick Outline,,SpriteRenderer,m_CorrespondingSourceObject,unresolved_guid,sprite,,,,"Unresolved sprite GUID 7a88393c660334acc91fd97a1fb22570. GUID could not be resolved from project, package, or package cache metadata."
Assets/AddOn/Shapes2D/Demos/Showcase/Showcase.unity,Scene,Showcase,Norman/Left Leg,,SpriteRenderer,m_CorrespondingSourceObject,unresolved_guid,sprite,,,,"Unresolved sprite GUID 50f4595a8e9f34222997de05d0c34515. GUID could not be resolved from project, package, or package cache metadata."
Assets/AddOn/Shapes2D/Demos/Showcase/Showcase.unity,Scene,Showcase,Misc Shapes/Blue Stripey Ellipse,,SpriteRenderer,m_CorrespondingSourceObject,unresolved_guid,sprite,,,,"Unresolved sprite GUID 1203a549e5fd74eeeab1c13bac543c20. GUID could not be resolved from project, package, or package cache metadata."
Assets/AddOn/Shapes2D/Demos/Showcase/Showcase.unity,Scene,Showcase,Norman/Left Eye,,SpriteRenderer,m_CorrespondingSourceObject,unresolved_guid,sprite,,,,"Unresolved sprite GUID 50f4595a8e9f34222997de05d0c34515. GUID could not be resolved from project, package, or package cache metadata."
Assets/AddOn/Shapes2D/Demos/Showcase/Showcase.unity,Scene,Showcase,Demo Shapes/Star,,SpriteRenderer,m_CorrespondingSourceObject,unresolved_guid,sprite,,,,"Unresolved sprite GUID 7a88393c660334acc91fd97a1fb22570. GUID could not be resolved from project, package, or package cache metadata."
Assets/AddOn/Shapes2D/Demos/Showcase/Showcase.unity,Scene,Showcase,Norman/Tooth 4,,SpriteRenderer,m_CorrespondingSourceObject,unresolved_guid,sprite,,,,"Unresolved sprite GUID 50f4595a8e9f34222997de05d0c34515. GUID could not be resolved from project, package, or package cache metadata."
Assets/AddOn/Shapes2D/Demos/Showcase/Showcase.unity,Scene,Showcase,Demo Shapes/Left Arrow,,SpriteRenderer,m_CorrespondingSourceObject,unresolved_guid,sprite,,,,"Unresolved sprite GUID 7a88393c660334acc91fd97a1fb22570. GUID could not be resolved from project, package, or package cache metadata."
Assets/AddOn/Shapes2D/Demos/Showcase/Showcase.unity,Scene,Showcase,Norman/Mouth,,SpriteRenderer,m_CorrespondingSourceObject,unresolved_guid,sprite,,,,"Unresolved sprite GUID 50f4595a8e9f34222997de05d0c34515. GUID could not be resolved from project, package, or package cache metadata."
Assets/AddOn/Shapes2D/Demos/Showcase/Showcase.unity,Scene,Showcase,Demo Shapes/Arrow,,SpriteRenderer,m_CorrespondingSourceObject,unresolved_guid,sprite,,,,"Unresolved sprite GUID 7a88393c660334acc91fd97a1fb22570. GUID could not be resolved from project, package, or package cache metadata."
Assets/AddOn/Shapes2D/Demos/Showcase/Showcase.unity,Scene,Showcase,Misc Shapes/Purple Cage Bread,,SpriteRenderer,m_CorrespondingSourceObject,unresolved_guid,sprite,,,,"Unresolved sprite GUID 1203a549e5fd74eeeab1c13bac543c20. GUID could not be resolved from project, package, or package cache metadata."
Assets/AddOn/Shapes2D/Demos/Showcase/Showcase.unity,Scene,Showcase,Demo Shapes/Pentagon,,SpriteRenderer,m_CorrespondingSourceObject,unresolved_guid,sprite,,,,"Unresolved sprite GUID 7937ea42a4a084410a5ec868ceac0f5f. GUID could not be resolved from project, package, or package cache metadata."
Assets/AddOn/Shapes2D/Demos/Showcase/Showcase.unity,Scene,Showcase,Demo Shapes/Circle,,SpriteRenderer,m_CorrespondingSourceObject,unresolved_guid,sprite,,,,"Unresolved sprite GUID 7a88393c660334acc91fd97a1fb22570. GUID could not be resolved from project, package, or package cache metadata."
Assets/AddOn/Shapes2D/Demos/Showcase/Showcase.unity,Scene,Showcase,Norman/Tooth 2,,SpriteRenderer,m_CorrespondingSourceObject,unresolved_guid,sprite,,,,"Unresolved sprite GUID 50f4595a8e9f34222997de05d0c34515. GUID could not be resolved from project, package, or package cache metadata."
Assets/AddOn/Shapes2D/Demos/Showcase/Showcase.unity,Scene,Showcase,Demo Shapes/Rectangle,,SpriteRenderer,m_CorrespondingSourceObject,unresolved_guid,sprite,,,,"Unresolved sprite GUID 7a88393c660334acc91fd97a1fb22570. GUID could not be resolved from project, package, or package cache metadata."
Assets/AddOn/Shapes2D/Demos/Showcase/Showcase.unity,Scene,Showcase,Demo Shapes/Blurry Outline,,SpriteRenderer,m_CorrespondingSourceObject,unresolved_guid,sprite,,,,"Unresolved sprite GUID 7a88393c660334acc91fd97a1fb22570. GUID could not be resolved from project, package, or package cache metadata."
Assets/AddOn/Shapes2D/Demos/Showcase/Showcase.unity,Scene,Showcase,Demo Shapes/Diamond,,SpriteRenderer,m_CorrespondingSourceObject,unresolved_guid,sprite,,,,"Unresolved sprite GUID 7a88393c660334acc91fd97a1fb22570. GUID could not be resolved from project, package, or package cache metadata."
Assets/AddOn/Shapes2D/Demos/Showcase/Showcase.unity,Scene,Showcase,Demo Shapes/Chat Bubble,,SpriteRenderer,m_CorrespondingSourceObject,unresolved_guid,sprite,,,,"Unresolved sprite GUID 7a88393c660334acc91fd97a1fb22570. GUID could not be resolved from project, package, or package cache metadata."
Assets/AddOn/Shapes2D/Demos/Showcase/Showcase.unity,Scene,Showcase,Demo Shapes/Hexagon,,SpriteRenderer,m_CorrespondingSourceObject,unresolved_guid,sprite,,,,"Unresolved sprite GUID 7a88393c660334acc91fd97a1fb22570. GUID could not be resolved from project, package, or package cache metadata."
Assets/AddOn/Shapes2D/Demos/Showcase/Showcase.unity,Scene,Showcase,Demo Shapes/Moon,,SpriteRenderer,m_CorrespondingSourceObject,unresolved_guid,sprite,,,,"Unresolved sprite GUID 7a88393c660334acc91fd97a1fb22570. GUID could not be resolved from project, package, or package cache metadata."
Assets/AddOn/Shapes2D/Demos/Showcase/Showcase.unity,Scene,Showcase,Demo Shapes/Linear Gradient,,SpriteRenderer,m_CorrespondingSourceObject,unresolved_guid,sprite,,,,"Unresolved sprite GUID 7a88393c660334acc91fd97a1fb22570. GUID could not be resolved from project, package, or package cache metadata."
Assets/AddOn/Shapes2D/Demos/Showcase/Showcase.unity,Scene,Showcase,Norman/Right Eye,,SpriteRenderer,m_CorrespondingSourceObject,unresolved_guid,sprite,,,,"Unresolved sprite GUID 50f4595a8e9f34222997de05d0c34515. GUID could not be resolved from project, package, or package cache metadata."
Assets/AddOn/Shapes2D/Demos/Showcase/Showcase.unity,Scene,Showcase,Misc Shapes/Yellow Gradient Circle,,SpriteRenderer,m_CorrespondingSourceObject,unresolved_guid,sprite,,,,"Unresolved sprite GUID 1203a549e5fd74eeeab1c13bac543c20. GUID could not be resolved from project, package, or package cache metadata."
Assets/AddOn/Shapes2D/Demos/Showcase/Showcase.unity,Scene,Showcase,Demo Shapes/Rounded Rectangle,,SpriteRenderer,m_CorrespondingSourceObject,unresolved_guid,sprite,,,,"Unresolved sprite GUID 7a88393c660334acc91fd97a1fb22570. GUID could not be resolved from project, package, or package cache metadata."
Assets/AddOn/Shapes2D/Demos/Showcase/Showcase.unity,Scene,Showcase,Norman/Tooth 1,,SpriteRenderer,m_CorrespondingSourceObject,unresolved_guid,sprite,,,,"Unresolved sprite GUID 50f4595a8e9f34222997de05d0c34515. GUID could not be resolved from project, package, or package cache metadata."
Assets/AddOn/Shapes2D/Demos/Stress Test/Stress Test.unity,Scene,Stress Test,Test Shape,,SpriteRenderer,m_CorrespondingSourceObject,unresolved_guid,sprite,,,,"Unresolved sprite GUID aa4e4baaa8bd44eac9d63ae46f11632f. GUID could not be resolved from project, package, or package cache metadata."
Assets/AddOn/UIEffect-upm/Samples~/Demo/UIEffect_Demo.unity,Scene,UIEffect_Demo,Canvas/Scroll View/Content/Effect-BlurFast/Layout/image,,Image,m_Material,unresolved_guid,material,,,0x0,"Unresolved material GUID aee96bc531e6eba468ec405e536f515f. GUID could not be resolved from project, package, or package cache metadata."
Assets/AddOn/UIEffect-upm/Samples~/Demo/UIEffect_Demo.unity,Scene,UIEffect_Demo,Canvas/Scroll View/Content/Summary/Layout/Color Add,,Image,m_Material,unresolved_guid,material,,,112x0,"Unresolved material GUID aee96bc531e6eba468ec405e536f515f. GUID could not be resolved from project, package, or package cache metadata."
Assets/AddOn/UIEffect-upm/Samples~/Demo/UIEffect_Demo.unity,Scene,UIEffect_Demo,Canvas/Scroll View/Content/Effect-Grayscale/Layout/Image  100%,,Image,m_Material,unresolved_guid,material,,,0x0,"Unresolved material GUID aee96bc531e6eba468ec405e536f515f. GUID could not be resolved from project, package, or package cache metadata."
Assets/AddOn/UIEffect-upm/Samples~/Demo/UIEffect_Demo.unity,Scene,UIEffect_Demo,Canvas/Scroll View/Content/UIShiny/Layout/Image 35%,,Image,m_Material,unresolved_guid,material,,,0x0,"Unresolved material GUID 9dc7e810a87b444ab96919f3215c2fe5. GUID could not be resolved from project, package, or package cache metadata."
Assets/AddOn/UIEffect-upm/Samples~/Demo/UIEffect_Demo.unity,Scene,UIEffect_Demo,Canvas/Scroll View/Content/Transition - Screen/Layout/Toggle (2)/Checkmark,,Image,m_Material,unresolved_guid,material,,,0x0,"Unresolved material GUID aee96bc531e6eba468ec405e536f515f. GUID could not be resolved from project, package, or package cache metadata."
Assets/AddOn/UIEffect-upm/Samples~/Demo/UIEffect_Demo.unity,Scene,UIEffect_Demo,Canvas/Scroll View/Content/UIDissolve - Test/Layout/Image,,Image,m_Material,unresolved_guid,material,,,0x0,"Unresolved material GUID c8243c28075b3431084ded42f46ad567. GUID could not be resolved from project, package, or package cache metadata."
Assets/AddOn/UIEffect-upm/Samples~/Demo/UIEffect_Demo.unity,Scene,UIEffect_Demo,Canvas/Scroll View/Content/UIDissolve/Layout/Animation,,Image,m_Material,unresolved_guid,material,,,0x0,"Unresolved material GUID 17b17d6effbe14075a3bbdf1fda1f6e1. GUID could not be resolved from project, package, or package cache metadata."
Assets/AddOn/UIEffect-upm/Samples~/Demo/UIEffect_Demo.unity,Scene,UIEffect_Demo,Canvas/Scroll View/Content/Summary/Layout/Color Sub,,Image,m_Material,unresolved_guid,material,,,112x0,"Unresolved material GUID aee96bc531e6eba468ec405e536f515f. GUID could not be resolved from project, package, or package cache metadata."
Assets/AddOn/UIEffect-upm/Samples~/Demo/UIEffect_Demo.unity,Scene,UIEffect_Demo,Canvas/Scroll View/Content/Effect-BlurDetail/Layout/image,,Image,m_Material,unresolved_guid,material,,,0x0,"Unresolved material GUID aee96bc531e6eba468ec405e536f515f. GUID could not be resolved from project, package, or package cache metadata."
Assets/AddOn/UIEffect-upm/Samples~/Demo/UIEffect_Demo.unity,Scene,UIEffect_Demo,Canvas/Scroll View/Content/Effect-ColorSet/Layout/Image  75%,,Image,m_Material,unresolved_guid,material,,,0x0,"Unresolved material GUID aee96bc531e6eba468ec405e536f515f. GUID could not be resolved from project, package, or package cache metadata."
Assets/AddOn/UIEffect-upm/Samples~/Demo/UIEffect_Demo.unity,Scene,UIEffect_Demo,Canvas/Scroll View/Content/Effect-Pixel/Layout/Image 50%,,Image,m_Material,unresolved_guid,material,,,0x0,"Unresolved material GUID aee96bc531e6eba468ec405e536f515f. GUID could not be resolved from project, package, or package cache metadata."
Assets/AddOn/UIEffect-upm/Samples~/Demo/UIEffect_Demo.unity,Scene,UIEffect_Demo,Canvas/Scroll View/Content/Effect-Shadow3/Layout/Soft shadow,,Image,m_Material,unresolved_guid,material,,,0x0,"Unresolved material GUID aee96bc531e6eba468ec405e536f515f. GUID could not be resolved from project, package, or package cache metadata."
Assets/AddOn/UIEffect-upm/Samples~/Demo/UIEffect_Demo.unity,Scene,UIEffect_Demo,Canvas/Scroll View/Content/UIDissolve/Layout/Image 35%,,Image,m_Material,unresolved_guid,material,,,0x0,"Unresolved material GUID 17b17d6effbe14075a3bbdf1fda1f6e1. GUID could not be resolved from project, package, or package cache metadata."
Assets/AddOn/UIEffect-upm/Samples~/Demo/UIEffect_Demo.unity,Scene,UIEffect_Demo,Canvas/Scroll View/Content/Summary/Layout/Dissolve,,Image,m_Material,unresolved_guid,material,,,112.00001x0,"Unresolved material GUID 17b17d6effbe14075a3bbdf1fda1f6e1. GUID could not be resolved from project, package, or package cache metadata."
Assets/AddOn/UIEffect-upm/Samples~/Demo/UIEffect_Demo.unity,Scene,UIEffect_Demo,Canvas/Scroll View/Content/Summary/Layout/Nega,,Image,m_Material,unresolved_guid,material,,,112x0,"Unresolved material GUID aee96bc531e6eba468ec405e536f515f. GUID could not be resolved from project, package, or package cache metadata."
Assets/AddOn/UIEffect-upm/Samples~/Demo/UIEffect_Demo.unity,Scene,UIEffect_Demo,Canvas/Scroll View/Content/Effect-Outline/Layout/Multi,,Image,m_Material,unresolved_guid,material,,,0x0,"Unresolved material GUID aee96bc531e6eba468ec405e536f515f. GUID could not be resolved from project, package, or package cache metadata."
Assets/AddOn/UIEffect-upm/Samples~/Demo/UIEffect_Demo.unity,Scene,UIEffect_Demo,Canvas/Scroll View/Content/Effect-BlurMedium/Layout/image,,Image,m_Material,unresolved_guid,material,,,0x0,"Unresolved material GUID aee96bc531e6eba468ec405e536f515f. GUID could not be resolved from project, package, or package cache metadata."
Assets/AddOn/UIEffect-upm/Samples~/Demo/UIEffect_Demo.unity,Scene,UIEffect_Demo,Canvas/Scroll View/Content/Effect-Sepia/Layout/Image 50%,,Image,m_Material,unresolved_guid,material,,,0x0,"Unresolved material GUID aee96bc531e6eba468ec405e536f515f. GUID could not be resolved from project, package, or package cache metadata."
Assets/AddOn/UIEffect-upm/Samples~/Demo/UIEffect_Demo.unity,Scene,UIEffect_Demo,Canvas/Scroll View/Content/UIDissolve - ColorMode/Layout/Color Multiply,,Image,m_Material,unresolved_guid,material,,,0x0,"Unresolved material GUID 17b17d6effbe14075a3bbdf1fda1f6e1. GUID could not be resolved from project, package, or package cache metadata."
Assets/AddOn/UIEffect-upm/Samples~/Demo/UIEffect_Demo.unity,Scene,UIEffect_Demo,Canvas/Scroll View/Content/Effect-Pixel/Layout/Image  100%,,Image,m_Material,unresolved_guid,material,,,0x0,"Unresolved material GUID aee96bc531e6eba468ec405e536f515f. GUID could not be resolved from project, package, or package cache metadata."
Assets/AddOn/UIEffect-upm/Samples~/Demo/UIEffect_Demo.unity,Scene,UIEffect_Demo,Canvas/Scroll View/Content/Effect-Pixel/Layout/Image  75%,,Image,m_Material,unresolved_guid,material,,,0x0,"Unresolved material GUID aee96bc531e6eba468ec405e536f515f. GUID could not be resolved from project, package, or package cache metadata."
Assets/AddOn/UIEffect-upm/Samples~/Demo/UIEffect_Demo.unity,Scene,UIEffect_Demo,Canvas/Scroll View/Content/Summary/Layout/Shiny,,Image,m_Material,unresolved_guid,material,,,112.00001x0,"Unresolved material GUID 9dc7e810a87b444ab96919f3215c2fe5. GUID could not be resolved from project, package, or package cache metadata."
Assets/AddOn/UIEffect-upm/Samples~/Demo/UIEffect_Demo.unity,Scene,UIEffect_Demo,Canvas/Scroll View/Content/UIEffect - Test/Layout/Image,,Image,m_Material,unresolved_guid,material,,,0x0,"Unresolved material GUID c8243c28075b3431084ded42f46ad567. GUID could not be resolved from project, package, or package cache metadata."
Assets/AddOn/UIEffect-upm/Samples~/Demo/UIEffect_Demo.unity,Scene,UIEffect_Demo,Canvas/Scroll View/Content/UIDissolve/Layout/Image 55%,,Image,m_Material,unresolved_guid,material,,,0x0,"Unresolved material GUID 17b17d6effbe14075a3bbdf1fda1f6e1. GUID could not be resolved from project, package, or package cache metadata."
Assets/AddOn/UIEffect-upm/Samples~/Demo/UIEffect_Demo.unity,Scene,UIEffect_Demo,Canvas/Scroll View/Content/Transition - Screen/Layout/Toggle/Checkmark,,Image,m_Material,unresolved_guid,material,,,0x0,"Unresolved material GUID aee96bc531e6eba468ec405e536f515f. GUID could not be resolved from project, package, or package cache metadata."
Assets/AddOn/UIEffect-upm/Samples~/Demo/UIEffect_Demo.unity,Scene,UIEffect_Demo,Canvas/Scroll View/Content/Effect-BlurFast/Layout/image,,Image,m_Material,unresolved_guid,material,,,0x0,"Unresolved material GUID aee96bc531e6eba468ec405e536f515f. GUID could not be resolved from project, package, or package cache metadata."
Assets/AddOn/UIEffect-upm/Samples~/Demo/UIEffect_Demo.unity,Scene,UIEffect_Demo,Canvas/Scroll View/Content/Effect-Shadow/Layout/Multi,,Image,m_Material,unresolved_guid,material,,,0x0,"Unresolved material GUID aee96bc531e6eba468ec405e536f515f. GUID could not be resolved from project, package, or package cache metadata."
Assets/AddOn/UIEffect-upm/Samples~/Demo/UIEffect_Demo.unity,Scene,UIEffect_Demo,Canvas/Scroll View/Content/Summary/Layout/Blur Fast,,Image,m_Material,unresolved_guid,material,,,112x0,"Unresolved material GUID aee96bc531e6eba468ec405e536f515f. GUID could not be resolved from project, package, or package cache metadata."
Assets/AddOn/UIEffect-upm/Samples~/Demo/UIEffect_Demo.unity,Scene,UIEffect_Demo,Canvas/Scroll View/Content/Effect-BlurDetail Adv/Layout/Image,,Image,m_Material,unresolved_guid,material,,,0x0,"Unresolved material GUID aee96bc531e6eba468ec405e536f515f. GUID could not be resolved from project, package, or package cache metadata."
Assets/AddOn/UIEffect-upm/Samples~/Demo/UIEffect_Demo.unity,Scene,UIEffect_Demo,Canvas/Scroll View/Content/Effect-BlurMedium/Layout/image,,Image,m_Material,unresolved_guid,material,,,0x0,"Unresolved material GUID aee96bc531e6eba468ec405e536f515f. GUID could not be resolved from project, package, or package cache metadata."
Assets/AddOn/UIEffect-upm/Samples~/Demo/UIEffect_Demo.unity,Scene,UIEffect_Demo,Canvas/Scroll View/Content/Effect-Outline8/Layout/Soft outline,,Image,m_Material,unresolved_guid,material,,,0x0,"Unresolved material GUID aee96bc531e6eba468ec405e536f515f. GUID could not be resolved from project, package, or package cache metadata."
Assets/AddOn/UIEffect-upm/Samples~/Demo/UIEffect_Demo.unity,Scene,UIEffect_Demo,Canvas/Scroll View/Content/Effect-Pixel/Layout/Image 25%,,Image,m_Material,unresolved_guid,material,,,0x0,"Unresolved material GUID aee96bc531e6eba468ec405e536f515f. GUID could not be resolved from project, package, or package cache metadata."
Assets/AddOn/UIEffect-upm/Samples~/Demo/UIEffect_Demo.unity,Scene,UIEffect_Demo,Canvas/Scroll View/Content/Effect-ColorSub/Layout/Image  100%,,Image,m_Material,unresolved_guid,material,,,0x0,"Unresolved material GUID aee96bc531e6eba468ec405e536f515f. GUID could not be resolved from project, package, or package cache metadata."
Assets/AddOn/UIEffect-upm/Samples~/Demo/UIEffect_Demo.unity,Scene,UIEffect_Demo,Canvas/Scroll View/Content/Transition - Screen/Layout/Toggle (3)/Checkmark,,Image,m_Material,unresolved_guid,material,,,0x0,"Unresolved material GUID aee96bc531e6eba468ec405e536f515f. GUID could not be resolved from project, package, or package cache metadata."
Assets/AddOn/UIEffect-upm/Samples~/Demo/UIEffect_Demo.unity,Scene,UIEffect_Demo,Canvas/Scroll View/Content/Transition - Screen/Layout/Toggle (1)/Checkmark,,Image,m_Material,unresolved_guid,material,,,0x0,"Unresolved material GUID aee96bc531e6eba468ec405e536f515f. GUID could not be resolved from project, package, or package cache metadata."
Assets/AddOn/UIEffect-upm/Samples~/Demo/UIEffect_Demo.unity,Scene,UIEffect_Demo,Canvas/Scroll View/Content/Effect-BlurMedium/Layout/image,,Image,m_Material,unresolved_guid,material,,,0x0,"Unresolved material GUID aee96bc531e6eba468ec405e536f515f. GUID could not be resolved from project, package, or package cache metadata."
Assets/AddOn/UIEffect-upm/Samples~/Demo/UIEffect_Demo.unity,Scene,UIEffect_Demo,Canvas/Scroll View/Content/Effect-Shadow/Layout/Soft shadow,,Image,m_Material,unresolved_guid,material,,,0x0,"Unresolved material GUID aee96bc531e6eba468ec405e536f515f. GUID could not be resolved from project, package, or package cache metadata."
Assets/AddOn/UIEffect-upm/Samples~/Demo/UIEffect_Demo.unity,Scene,UIEffect_Demo,Canvas/Scroll View/Content/UIDissolve - Test/Layout (1)/Toggle (3)/Checkmark,,Image,m_Material,unresolved_guid,material,,,0x0,"Unresolved material GUID aee96bc531e6eba468ec405e536f515f. GUID could not be resolved from project, package, or package cache metadata."
Assets/AddOn/UIEffect-upm/Samples~/Demo/UIEffect_Demo.unity,Scene,UIEffect_Demo,Canvas/Scroll View/Content/Effect-Nega/Layout/Image 50%,,Image,m_Material,unresolved_guid,material,,,0x0,"Unresolved material GUID aee96bc531e6eba468ec405e536f515f. GUID could not be resolved from project, package, or package cache metadata."
Assets/AddOn/UIEffect-upm/Samples~/Demo/UIEffect_Demo.unity,Scene,UIEffect_Demo,Canvas/Scroll View/Content/Effect-Sepia/Layout/Image  75%,,Image,m_Material,unresolved_guid,material,,,0x0,"Unresolved material GUID aee96bc531e6eba468ec405e536f515f. GUID could not be resolved from project, package, or package cache metadata."
Assets/AddOn/UIEffect-upm/Samples~/Demo/UIEffect_Demo.unity,Scene,UIEffect_Demo,Canvas/Scroll View/Content/Effect-ColorAdd/Layout/Image  100%,,Image,m_Material,unresolved_guid,material,,,0x0,"Unresolved material GUID aee96bc531e6eba468ec405e536f515f. GUID could not be resolved from project, package, or package cache metadata."
Assets/AddOn/UIEffect-upm/Samples~/Demo/UIEffect_Demo.unity,Scene,UIEffect_Demo,Canvas/Scroll View/Content/Effect-BlurDetail/Layout/image,,Image,m_Material,unresolved_guid,material,,,0x0,"Unresolved material GUID aee96bc531e6eba468ec405e536f515f. GUID could not be resolved from project, package, or package cache metadata."
Assets/AddOn/UIEffect-upm/Samples~/Demo/UIEffect_Demo.unity,Scene,UIEffect_Demo,Canvas/Scroll View/Content/Effect-ColorAdd/Layout/Image 25%,,Image,m_Material,unresolved_guid,material,,,0x0,"Unresolved material GUID aee96bc531e6eba468ec405e536f515f. GUID could not be resolved from project, package, or package cache metadata."
Assets/AddOn/UIEffect-upm/Samples~/Demo/UIEffect_Demo.unity,Scene,UIEffect_Demo,Canvas/Scroll View/Content/Effect-BlurDetail Adv/Layout/image,,Image,m_Material,unresolved_guid,material,,,0x0,"Unresolved material GUID aee96bc531e6eba468ec405e536f515f. GUID could not be resolved from project, package, or package cache metadata."
Assets/AddOn/UIEffect-upm/Samples~/Demo/UIEffect_Demo.unity,Scene,UIEffect_Demo,Canvas/Scroll View/Content/Summary/Layout/Soft shadow/image,,Image,m_Material,unresolved_guid,material,,,0x0,"Unresolved material GUID aee96bc531e6eba468ec405e536f515f. GUID could not be resolved from project, package, or package cache metadata."
Assets/AddOn/UIEffect-upm/Samples~/Demo/UIEffect_Demo.unity,Scene,UIEffect_Demo,Canvas/Scroll View/Content/Effect-Shadow3/Layout/Colored,,Image,m_Material,unresolved_guid,material,,,0x0,"Unresolved material GUID aee96bc531e6eba468ec405e536f515f. GUID could not be resolved from project, package, or package cache metadata."
Assets/AddOn/UIEffect-upm/Samples~/Demo/UIEffect_Demo.unity,Scene,UIEffect_Demo,Canvas/Scroll View/Content/UIShiny - Gross/Layout/image,,Image,m_Material,unresolved_guid,material,,,0x0,"Unresolved material GUID 9dc7e810a87b444ab96919f3215c2fe5. GUID could not be resolved from project, package, or package cache metadata."
Assets/AddOn/UIEffect-upm/Samples~/Demo/UIEffect_Demo.unity,Scene,UIEffect_Demo,Canvas/Scroll View/Content/Effect-Outline8/Layout/Multi,,Image,m_Material,unresolved_guid,material,,,0x0,"Unresolved material GUID aee96bc531e6eba468ec405e536f515f. GUID could not be resolved from project, package, or package cache metadata."
Assets/AddOn/UIEffect-upm/Samples~/Demo/UIEffect_Demo.unity,Scene,UIEffect_Demo,Canvas/Scroll View/Content/UIShiny - Gross/Layout/image,,Image,m_Material,unresolved_guid,material,,,0x0,"Unresolved material GUID 9dc7e810a87b444ab96919f3215c2fe5. GUID could not be resolved from project, package, or package cache metadata."
Assets/AddOn/UIEffect-upm/Samples~/Demo/UIEffect_Demo.unity,Scene,UIEffect_Demo,Canvas/Scroll View/Content/Effect-Grayscale/Layout/Image 25%,,Image,m_Material,unresolved_guid,material,,,0x0,"Unresolved material GUID aee96bc531e6eba468ec405e536f515f. GUID could not be resolved from project, package, or package cache metadata."
Assets/AddOn/UIEffect-upm/Samples~/Demo/UIEffect_Demo.unity,Scene,UIEffect_Demo,Canvas/Scroll View/Content/Effect-Grayscale/Layout/Image  75%,,Image,m_Material,unresolved_guid,material,,,0x0,"Unresolved material GUID aee96bc531e6eba468ec405e536f515f. GUID could not be resolved from project, package, or package cache metadata."
Assets/AddOn/UIEffect-upm/Samples~/Demo/UIEffect_Demo.unity,Scene,UIEffect_Demo,Canvas/Scroll View/Content/HSVModifier-Hue/Layout/Image 25%,,Image,m_Material,unresolved_guid,material,,,0x0,"Unresolved material GUID aee96bc531e6eba468ec405e536f515f. GUID could not be resolved from project, package, or package cache metadata."
Assets/AddOn/UIEffect-upm/Samples~/Demo/UIEffect_Demo.unity,Scene,UIEffect_Demo,Canvas/Scroll View/Content/Effect-Outline8/Layout/Colored,,Image,m_Material,unresolved_guid,material,,,0x0,"Unresolved material GUID aee96bc531e6eba468ec405e536f515f. GUID could not be resolved from project, package, or package cache metadata."
Assets/AddOn/UIEffect-upm/Samples~/Demo/UIEffect_Demo.unity,Scene,UIEffect_Demo,Canvas/Scroll View/Content/Summary/Layout/Blur Detail,,Image,m_Material,unresolved_guid,material,,,112x0,"Unresolved material GUID aee96bc531e6eba468ec405e536f515f. GUID could not be resolved from project, package, or package cache metadata."
Assets/AddOn/UIEffect-upm/Samples~/Demo/UIEffect_Demo.unity,Scene,UIEffect_Demo,Canvas/Scroll View/Content/UIShiny/Layout/Animation,,Image,m_Material,unresolved_guid,material,,,0x0,"Unresolved material GUID 9dc7e810a87b444ab96919f3215c2fe5. GUID could not be resolved from project, package, or package cache metadata."
Assets/AddOn/UIEffect-upm/Samples~/Demo/UIEffect_Demo.unity,Scene,UIEffect_Demo,Canvas/Scroll View/Content/HSVModifier-Satration/Layout/Image  75%,,Image,m_Material,unresolved_guid,material,,,0x0,"Unresolved material GUID aee96bc531e6eba468ec405e536f515f. GUID could not be resolved from project, package, or package cache metadata."
Assets/AddOn/UIEffect-upm/Samples~/Demo/UIEffect_Demo.unity,Scene,UIEffect_Demo,Canvas/Scroll View/Content/Effect-BlurDetail Adv/Layout/image,,Image,m_Material,unresolved_guid,material,,,0x0,"Unresolved material GUID aee96bc531e6eba468ec405e536f515f. GUID could not be resolved from project, package, or package cache metadata."
Assets/AddOn/UIEffect-upm/Samples~/Demo/UIEffect_Demo.unity,Scene,UIEffect_Demo,Canvas/Scroll View/Content/Effect-ColorSet/Layout/Image  100%,,Image,m_Material,unresolved_guid,material,,,0x0,"Unresolved material GUID aee96bc531e6eba468ec405e536f515f. GUID could not be resolved from project, package, or package cache metadata."
Assets/AddOn/UIEffect-upm/Samples~/Demo/UIEffect_Demo.unity,Scene,UIEffect_Demo,Canvas/Scroll View/Content/Effect-Sepia/Layout/Image  100%,,Image,m_Material,unresolved_guid,material,,,0x0,"Unresolved material GUID aee96bc531e6eba468ec405e536f515f. GUID could not be resolved from project, package, or package cache metadata."
Assets/AddOn/UIEffect-upm/Samples~/Demo/UIEffect_Demo.unity,Scene,UIEffect_Demo,Canvas/Scroll View/Content/UIDissolve - Test/Layout (1)/Toggle/Checkmark,,Image,m_Material,unresolved_guid,material,,,0x0,"Unresolved material GUID aee96bc531e6eba468ec405e536f515f. GUID could not be resolved from project, package, or package cache metadata."
Assets/AddOn/UIEffect-upm/Samples~/Demo/UIEffect_Demo.unity,Scene,UIEffect_Demo,Canvas/Scroll View/Content/UIShiny - Test/Layout/Image,,Image,m_Material,unresolved_guid,material,,,0x0,"Unresolved material GUID c8243c28075b3431084ded42f46ad567. GUID could not be resolved from project, package, or package cache metadata."
Assets/AddOn/UIEffect-upm/Samples~/Demo/UIEffect_Demo.unity,Scene,UIEffect_Demo,Canvas/Scroll View/Content/Summary/Layout/Grayscale,,Image,m_Material,unresolved_guid,material,,,112x0,"Unresolved material GUID aee96bc531e6eba468ec405e536f515f. GUID could not be resolved from project, package, or package cache metadata."
Assets/AddOn/UIEffect-upm/Samples~/Demo/UIEffect_Demo.unity,Scene,UIEffect_Demo,Canvas/Scroll View/Content/Effect-ColorSub/Layout/Image 25%,,Image,m_Material,unresolved_guid,material,,,0x0,"Unresolved material GUID aee96bc531e6eba468ec405e536f515f. GUID could not be resolved from project, package, or package cache metadata."
Assets/AddOn/UIEffect-upm/Samples~/Demo/UIEffect_Demo.unity,Scene,UIEffect_Demo,Canvas/Scroll View/Content/Effect-BlurDetail/Layout/image,,Image,m_Material,unresolved_guid,material,,,0x0,"Unresolved material GUID aee96bc531e6eba468ec405e536f515f. GUID could not be resolved from project, package, or package cache metadata."
Assets/AddOn/UIEffect-upm/Samples~/Demo/UIEffect_Demo.unity,Scene,UIEffect_Demo,Canvas/Scroll View/Content/UIDissolve - ColorMode/Layout/Color Set,,Image,m_Material,unresolved_guid,material,,,0x0,"Unresolved material GUID 17b17d6effbe14075a3bbdf1fda1f6e1. GUID could not be resolved from project, package, or package cache metadata."
Assets/AddOn/UIEffect-upm/Samples~/Demo/UIEffect_Demo.unity,Scene,UIEffect_Demo,Canvas/Scroll View/Content/Effect-ColorSub/Layout/Image  75%,,Image,m_Material,unresolved_guid,material,,,0x0,"Unresolved material GUID aee96bc531e6eba468ec405e536f515f. GUID could not be resolved from project, package, or package cache metadata."
Assets/AddOn/UIEffect-upm/Samples~/Demo/UIEffect_Demo.unity,Scene,UIEffect_Demo,Canvas/Scroll View/Content/UIDissolve - Test/Layout (1)/Toggle/Checkmark,,Image,m_Material,unresolved_guid,material,,,0x0,"Unresolved material GUID aee96bc531e6eba468ec405e536f515f. GUID could not be resolved from project, package, or package cache metadata."
Assets/AddOn/UIEffect-upm/Samples~/Demo/UIEffect_Demo.unity,Scene,UIEffect_Demo,Canvas/Scroll View/Content/Effect-BlurDetail/Layout/Image,,Image,m_Material,unresolved_guid,material,,,0x0,"Unresolved material GUID aee96bc531e6eba468ec405e536f515f. GUID could not be resolved from project, package, or package cache metadata."
Assets/AddOn/UIEffect-upm/Samples~/Demo/UIEffect_Demo.unity,Scene,UIEffect_Demo,Canvas/Scroll View/Content/Effect-BlurFast/Layout/image,,Image,m_Material,unresolved_guid,material,,,0x0,"Unresolved material GUID aee96bc531e6eba468ec405e536f515f. GUID could not be resolved from project, package, or package cache metadata."
Assets/AddOn/UIEffect-upm/Samples~/Demo/UIEffect_Demo.unity,Scene,UIEffect_Demo,Canvas/Scroll View/Content/Summary/Layout/Color Hue,,Image,m_Material,unresolved_guid,material,,,112x0,"Unresolved material GUID c8243c28075b3431084ded42f46ad567. GUID could not be resolved from project, package, or package cache metadata."
Assets/AddOn/UIEffect-upm/Samples~/Demo/UIEffect_Demo.unity,Scene,UIEffect_Demo,Canvas/Scroll View/Content/HSVModifier-Hue/Layout/Image  75%,,Image,m_Material,unresolved_guid,material,,,0x0,"Unresolved material GUID aee96bc531e6eba468ec405e536f515f. GUID could not be resolved from project, package, or package cache metadata."
Assets/AddOn/UIEffect-upm/Samples~/Demo/UIEffect_Demo.unity,Scene,UIEffect_Demo,Canvas/Scroll View/Content/UIShiny - Test/Layout/Image,,Image,m_Material,unresolved_guid,material,,,0x0,"Unresolved material GUID c8243c28075b3431084ded42f46ad567. GUID could not be resolved from project, package, or package cache metadata."
Assets/AddOn/UIEffect-upm/Samples~/Demo/UIEffect_Demo.unity,Scene,UIEffect_Demo,Canvas/Scroll View/Content/Effect-BlurDetail Adv/Layout/image,,Image,m_Material,unresolved_guid,material,,,0x0,"Unresolved material GUID aee96bc531e6eba468ec405e536f515f. GUID could not be resolved from project, package, or package cache metadata."
Assets/AddOn/UIEffect-upm/Samples~/Demo/UIEffect_Demo.unity,Scene,UIEffect_Demo,Canvas/Scroll View/Content/Effect-Outline/Layout/Colored,,Image,m_Material,unresolved_guid,material,,,0x0,"Unresolved material GUID aee96bc531e6eba468ec405e536f515f. GUID could not be resolved from project, package, or package cache metadata."
Assets/AddOn/UIEffect-upm/Samples~/Demo/UIEffect_Demo.unity,Scene,UIEffect_Demo,Canvas/Scroll View/Content/Effect-Sepia/Layout/Image 25%,,Image,m_Material,unresolved_guid,material,,,0x0,"Unresolved material GUID aee96bc531e6eba468ec405e536f515f. GUID could not be resolved from project, package, or package cache metadata."
Assets/AddOn/UIEffect-upm/Samples~/Demo/UIEffect_Demo.unity,Scene,UIEffect_Demo,Canvas/Scroll View/Content/Effect-ColorAdd/Layout/Image 50%,,Image,m_Material,unresolved_guid,material,,,0x0,"Unresolved material GUID aee96bc531e6eba468ec405e536f515f. GUID could not be resolved from project, package, or package cache metadata."
Assets/AddOn/UIEffect-upm/Samples~/Demo/UIEffect_Demo.unity,Scene,UIEffect_Demo,Canvas/Scroll View/Content/Summary/Layout/Pixelization/Pixel,,Image,m_Material,unresolved_guid,material,,,0x0,"Unresolved material GUID aee96bc531e6eba468ec405e536f515f. GUID could not be resolved from project, package, or package cache metadata."
Assets/AddOn/UIEffect-upm/Samples~/Demo/UIEffect_Demo.unity,Scene,UIEffect_Demo,Canvas/Scroll View/Content/HSVModifier-Value/Layout/Image 50%,,Image,m_Material,unresolved_guid,material,,,0x0,"Unresolved material GUID aee96bc531e6eba468ec405e536f515f. GUID could not be resolved from project, package, or package cache metadata."
Assets/AddOn/UIEffect-upm/Samples~/Demo/UIEffect_Demo.unity,Scene,UIEffect_Demo,Canvas/Scroll View/Content/Effect-ColorAdd/Layout/Image  75%,,Image,m_Material,unresolved_guid,material,,,0x0,"Unresolved material GUID aee96bc531e6eba468ec405e536f515f. GUID could not be resolved from project, package, or package cache metadata."
Assets/AddOn/UIEffect-upm/Samples~/Demo/UIEffect_Demo.unity,Scene,UIEffect_Demo,Canvas/Scroll View/Content/HSVModifier - Test/Layout/Image,,Image,m_Material,unresolved_guid,material,,,0x0,"Unresolved material GUID c8243c28075b3431084ded42f46ad567. GUID could not be resolved from project, package, or package cache metadata."
Assets/AddOn/UIEffect-upm/Samples~/Demo/UIEffect_Demo.unity,Scene,UIEffect_Demo,Canvas/Scroll View/Content/Effect-Shadow3/Layout/Multi,,Image,m_Material,unresolved_guid,material,,,0x0,"Unresolved material GUID aee96bc531e6eba468ec405e536f515f. GUID could not be resolved from project, package, or package cache metadata."
Assets/AddOn/UIEffect-upm/Samples~/Demo/UIEffect_Demo.unity,Scene,UIEffect_Demo,Canvas/Scroll View/Content/Effect-Nega/Layout/Image  75%,,Image,m_Material,unresolved_guid,material,,,0x0,"Unresolved material GUID aee96bc531e6eba468ec405e536f515f. GUID could not be resolved from project, package, or package cache metadata."
Assets/AddOn/UIEffect-upm/Samples~/Demo/UIEffect_Demo.unity,Scene,UIEffect_Demo,Canvas/Scroll View/Content/HSVModifier-Value/Layout/Image  100%,,Image,m_Material,unresolved_guid,material,,,0x0,"Unresolved material GUID aee96bc531e6eba468ec405e536f515f. GUID could not be resolved from project, package, or package cache metadata."
Assets/AddOn/UIEffect-upm/Samples~/Demo/UIEffect_Demo.unity,Scene,UIEffect_Demo,Canvas/Scroll View/Content/Effect-BlurMedium/Layout/Image,,Image,m_Material,unresolved_guid,material,,,0x0,"Unresolved material GUID aee96bc531e6eba468ec405e536f515f. GUID could not be resolved from project, package, or package cache metadata."
Assets/AddOn/UIEffect-upm/Samples~/Demo/UIEffect_Demo.unity,Scene,UIEffect_Demo,Canvas/Scroll View/Content/Summary/Layout/Color Set,,Image,m_Material,unresolved_guid,material,,,112x0,"Unresolved material GUID aee96bc531e6eba468ec405e536f515f. GUID could not be resolved from project, package, or package cache metadata."
Assets/AddOn/UIEffect-upm/Samples~/Demo/UIEffect_Demo.unity,Scene,UIEffect_Demo,Canvas/Scroll View/Content/UIShiny - Gross/Layout/image,,Image,m_Material,unresolved_guid,material,,,0x0,"Unresolved material GUID 9dc7e810a87b444ab96919f3215c2fe5. GUID could not be resolved from project, package, or package cache metadata."
Assets/AddOn/UIEffect-upm/Samples~/Demo/UIEffect_Demo.unity,Scene,UIEffect_Demo,Canvas/Scroll View/Content/UIShiny/Layout/Image 45%,,Image,m_Material,unresolved_guid,material,,,0x0,"Unresolved material GUID 9dc7e810a87b444ab96919f3215c2fe5. GUID could not be resolved from project, package, or package cache metadata."
Assets/AddOn/UIEffect-upm/Samples~/Demo/UIEffect_Demo.unity,Scene,UIEffect_Demo,Canvas/Scroll View/Content/Effect-Outline/Layout/Soft outline,,Image,m_Material,unresolved_guid,material,,,0x0,"Unresolved material GUID aee96bc531e6eba468ec405e536f515f. GUID could not be resolved from project, package, or package cache metadata."
Assets/AddOn/UIEffect-upm/Samples~/Demo/UIEffect_Demo.unity,Scene,UIEffect_Demo,Canvas/Scroll View/Content/Effect-ColorSet/Layout/Image 50%,,Image,m_Material,unresolved_guid,material,,,0x0,"Unresolved material GUID aee96bc531e6eba468ec405e536f515f. GUID could not be resolved from project, package, or package cache metadata."
Assets/AddOn/UIEffect-upm/Samples~/Demo/UIEffect_Demo.unity,Scene,UIEffect_Demo,Canvas/Scroll View/Content/UIDissolve - Test/Layout/Image,,Image,m_Material,unresolved_guid,material,,,0x0,"Unresolved material GUID c8243c28075b3431084ded42f46ad567. GUID could not be resolved from project, package, or package cache metadata."
Assets/AddOn/UIEffect-upm/Samples~/Demo/UIEffect_Demo.unity,Scene,UIEffect_Demo,Canvas/Scroll View/Content/HSVModifier-Hue/Layout/Image 50%,,Image,m_Material,unresolved_guid,material,,,0x0,"Unresolved material GUID aee96bc531e6eba468ec405e536f515f. GUID could not be resolved from project, package, or package cache metadata."
Assets/AddOn/UIEffect-upm/Samples~/Demo/UIEffect_Demo.unity,Scene,UIEffect_Demo,Canvas/Scroll View/Content/HSVModifier-Satration/Layout/Image 50%,,Image,m_Material,unresolved_guid,material,,,0x0,"Unresolved material GUID aee96bc531e6eba468ec405e536f515f. GUID could not be resolved from project, package, or package cache metadata."
Assets/AddOn/UIEffect-upm/Samples~/Demo/UIEffect_Demo.unity,Scene,UIEffect_Demo,Canvas/Scroll View/Content/Effect-Nega/Layout/Image 25%,,Image,m_Material,unresolved_guid,material,,,0x0,"Unresolved material GUID aee96bc531e6eba468ec405e536f515f. GUID could not be resolved from project, package, or package cache metadata."
Assets/AddOn/UIEffect-upm/Samples~/Demo/UIEffect_Demo.unity,Scene,UIEffect_Demo,Canvas/Scroll View/Content/UIShiny/Layout/Image 55%,,Image,m_Material,unresolved_guid,material,,,0x0,"Unresolved material GUID 9dc7e810a87b444ab96919f3215c2fe5. GUID could not be resolved from project, package, or package cache metadata."
Assets/AddOn/UIEffect-upm/Samples~/Demo/UIEffect_Demo.unity,Scene,UIEffect_Demo,Canvas/Scroll View/Content/UIDissolve - Test/Layout (1)/Toggle (1)/Checkmark,,Image,m_Material,unresolved_guid,material,,,0x0,"Unresolved material GUID aee96bc531e6eba468ec405e536f515f. GUID could not be resolved from project, package, or package cache metadata."
Assets/AddOn/UIEffect-upm/Samples~/Demo/UIEffect_Demo.unity,Scene,UIEffect_Demo,Canvas/Scroll View/Content/Effect-BlurFast/Layout/Image,,Image,m_Material,unresolved_guid,material,,,0x0,"Unresolved material GUID aee96bc531e6eba468ec405e536f515f. GUID could not be resolved from project, package, or package cache metadata."
Assets/AddOn/UIEffect-upm/Samples~/Demo/UIEffect_Demo.unity,Scene,UIEffect_Demo,Canvas/Scroll View/Content/HSVModifier-Hue/Layout/Image  100%,,Image,m_Material,unresolved_guid,material,,,0x0,"Unresolved material GUID aee96bc531e6eba468ec405e536f515f. GUID could not be resolved from project, package, or package cache metadata."
Assets/AddOn/UIEffect-upm/Samples~/Demo/UIEffect_Demo.unity,Scene,UIEffect_Demo,Canvas/Scroll View/Content/HSVModifier-Value/Layout/Image 25%,,Image,m_Material,unresolved_guid,material,,,0x0,"Unresolved material GUID aee96bc531e6eba468ec405e536f515f. GUID could not be resolved from project, package, or package cache metadata."
Assets/AddOn/UIEffect-upm/Samples~/Demo/UIEffect_Demo.unity,Scene,UIEffect_Demo,Canvas/Scroll View/Content/UIEffect - Test/Layout/Image,,Image,m_Material,unresolved_guid,material,,,0x0,"Unresolved material GUID c8243c28075b3431084ded42f46ad567. GUID could not be resolved from project, package, or package cache metadata."
Assets/AddOn/UIEffect-upm/Samples~/Demo/UIEffect_Demo.unity,Scene,UIEffect_Demo,Canvas/Scroll View/Content/HSVModifier-Satration/Layout/Image  100%,,Image,m_Material,unresolved_guid,material,,,0x0,"Unresolved material GUID aee96bc531e6eba468ec405e536f515f. GUID could not be resolved from project, package, or package cache metadata."
Assets/AddOn/UIEffect-upm/Samples~/Demo/UIEffect_Demo.unity,Scene,UIEffect_Demo,Canvas/Scroll View/Content/Effect-Nega/Layout/Image  100%,,Image,m_Material,unresolved_guid,material,,,0x0,"Unresolved material GUID aee96bc531e6eba468ec405e536f515f. GUID could not be resolved from project, package, or package cache metadata."
Assets/AddOn/UIEffect-upm/Samples~/Demo/UIEffect_Demo.unity,Scene,UIEffect_Demo,Canvas/Scroll View/Content/Effect-ColorSet/Layout/Image 25%,,Image,m_Material,unresolved_guid,material,,,0x0,"Unresolved material GUID aee96bc531e6eba468ec405e536f515f. GUID could not be resolved from project, package, or package cache metadata."
Assets/AddOn/UIEffect-upm/Samples~/Demo/UIEffect_Demo.unity,Scene,UIEffect_Demo,Canvas/Scroll View/Content/UIDissolve - Test/Layout (1)/Toggle (2)/Checkmark,,Image,m_Material,unresolved_guid,material,,,0x0,"Unresolved material GUID aee96bc531e6eba468ec405e536f515f. GUID could not be resolved from project, package, or package cache metadata."
Assets/AddOn/UIEffect-upm/Samples~/Demo/UIEffect_Demo.unity,Scene,UIEffect_Demo,Canvas/Scroll View/Content/UIDissolve/Layout/Image 45%,,Image,m_Material,unresolved_guid,material,,,0x0,"Unresolved material GUID 17b17d6effbe14075a3bbdf1fda1f6e1. GUID could not be resolved from project, package, or package cache metadata."
Assets/AddOn/UIEffect-upm/Samples~/Demo/UIEffect_Demo.unity,Scene,UIEffect_Demo,Canvas/Scroll View/Content/Summary/Layout/Sepia,,Image,m_Material,unresolved_guid,material,,,112x0,"Unresolved material GUID aee96bc531e6eba468ec405e536f515f. GUID could not be resolved from project, package, or package cache metadata."
Assets/AddOn/UIEffect-upm/Samples~/Demo/UIEffect_Demo.unity,Scene,UIEffect_Demo,Canvas/Scroll View/Content/Effect-Shadow/Layout/Colored,,Image,m_Material,unresolved_guid,material,,,0x0,"Unresolved material GUID aee96bc531e6eba468ec405e536f515f. GUID could not be resolved from project, package, or package cache metadata."
Assets/AddOn/UIEffect-upm/Samples~/Demo/UIEffect_Demo.unity,Scene,UIEffect_Demo,Canvas/Scroll View/Content/Summary/Layout/Blur Medium,,Image,m_Material,unresolved_guid,material,,,112x0,"Unresolved material GUID aee96bc531e6eba468ec405e536f515f. GUID could not be resolved from project, package, or package cache metadata."
Assets/AddOn/UIEffect-upm/Samples~/Demo/UIEffect_Demo.unity,Scene,UIEffect_Demo,Canvas/Scroll View/Content/Effect-Grayscale/Layout/Image 50%,,Image,m_Material,unresolved_guid,material,,,0x0,"Unresolved material GUID aee96bc531e6eba468ec405e536f515f. GUID could not be resolved from project, package, or package cache metadata."
Assets/AddOn/UIEffect-upm/Samples~/Demo/UIEffect_Demo.unity,Scene,UIEffect_Demo,Canvas/Scroll View/Content/HSVModifier-Value/Layout/Image  75%,,Image,m_Material,unresolved_guid,material,,,0x0,"Unresolved material GUID aee96bc531e6eba468ec405e536f515f. GUID could not be resolved from project, package, or package cache metadata."
Assets/AddOn/UIEffect-upm/Samples~/Demo/UIEffect_Demo.unity,Scene,UIEffect_Demo,Canvas/Scroll View/Content/Effect-ColorSub/Layout/Image 50%,,Image,m_Material,unresolved_guid,material,,,0x0,"Unresolved material GUID aee96bc531e6eba468ec405e536f515f. GUID could not be resolved from project, package, or package cache metadata."
Assets/AddOn/UIEffect-upm/Samples~/Demo/UIEffect_Demo.unity,Scene,UIEffect_Demo,Canvas/Scroll View/Content/UIDissolve - ColorMode/Layout/Color Sub,,Image,m_Material,unresolved_guid,material,,,0x0,"Unresolved material GUID 17b17d6effbe14075a3bbdf1fda1f6e1. GUID could not be resolved from project, package, or package cache metadata."
Assets/AddOn/UIEffect-upm/Samples~/Demo/UIEffect_Demo.unity,Scene,UIEffect_Demo,Canvas/Scroll View/Content/HSVModifier - Test/Layout/Image,,Image,m_Material,unresolved_guid,material,,,0x0,"Unresolved material GUID c8243c28075b3431084ded42f46ad567. GUID could not be resolved from project, package, or package cache metadata."
Assets/AddOn/UIEffect-upm/Samples~/Demo/UIEffect_Demo.unity,Scene,UIEffect_Demo,Canvas/Scroll View/Content/Summary/Layout/Transition,,Image,m_Material,unresolved_guid,material,,,112.00001x0,"Unresolved material GUID 17b17d6effbe14075a3bbdf1fda1f6e1. GUID could not be resolved from project, package, or package cache metadata."
Assets/AddOn/UIEffect-upm/Samples~/Demo/UIEffect_Demo.unity,Scene,UIEffect_Demo,Canvas/Scroll View/Content/HSVModifier-Satration/Layout/Image 25%,,Image,m_Material,unresolved_guid,material,,,0x0,"Unresolved material GUID aee96bc531e6eba468ec405e536f515f. GUID could not be resolved from project, package, or package cache metadata."
Assets/AddOn/UIEffect-upm/Samples~/Demo/UIEffect_Demo.unity,Scene,UIEffect_Demo,Canvas/Scroll View/Content/UIDissolve - ColorMode/Layout/Color Add,,Image,m_Material,unresolved_guid,material,,,0x0,"Unresolved material GUID 17b17d6effbe14075a3bbdf1fda1f6e1. GUID could not be resolved from project, package, or package cache metadata."
Assets/AddOn/UIEffect-upm/Samples~/Demo/UIEffect_Demo.unity,Scene,UIEffect_Demo,Canvas/Scroll View/Content/Transition - Screen/Layout/Toggle/Checkmark,,Image,m_Material,unresolved_guid,material,,,0x0,"Unresolved material GUID aee96bc531e6eba468ec405e536f515f. GUID could not be resolved from project, package, or package cache metadata."
Assets/AddOn/UIEffect-upm/Samples~/Demo/UIEffect_Demo.unity,Scene,UIEffect_Demo,Canvas/Scroll View/Content/UIShiny - Gross/Layout/image,,Image,m_Material,unresolved_guid,material,,,0x0,"Unresolved material GUID 9dc7e810a87b444ab96919f3215c2fe5. GUID could not be resolved from project, package, or package cache metadata."
Assets/AddOn/WebGLInput-master/Assets/TextMesh Pro/Examples & Extras/Prefabs/Text Popup.prefab,Prefab,,Text Popup/TextMeshPro Text,Text Popup,TextMeshProUGUI,m_baseMaterial,unresolved_guid,material,,,0x0,"Unresolved material GUID 316f956b856b45c448987b5018ec3ef4. GUID could not be resolved from project, package, or package cache metadata."
Assets/Animation/Battle/Hatch/HatchImage.prefab,Prefab,,HatchImage/Icon/glow,HatchImage,Image,m_Sprite,unresolved_guid,sprite,,,100x140,"Unresolved sprite GUID 95ecb01923d6e7047a62359aad5b4dc7. GUID could not be resolved from project, package, or package cache metadata."
Assets/Animation/Battle/Hatch/HatchImage.prefab,Prefab,,HatchImage/Icon/Icon,HatchImage,Image,m_Sprite,unresolved_guid,sprite,,,100x140,"Unresolved sprite GUID 95ecb01923d6e7047a62359aad5b4dc7. GUID could not be resolved from project, package, or package cache metadata."
Assets/Animation/Battle/Hatch/HatchImage.prefab,Prefab,,HatchImage,HatchImage,Image,m_Sprite,unresolved_guid,sprite,,,100x140,"Unresolved sprite GUID 5f5b5e61d35b31e47a80a944cf0b0c79. GUID could not be resolved from project, package, or package cache metadata."
Assets/Photon/PhotonUnityNetworking/Demos/PunCockpit/PunCockpit-Scene.unity,Scene,PunCockpit-Scene,Canvas/Maximal Panel/Connection Panel Advanced/Actions Panel,,Image,m_Sprite,unresolved_guid,sprite,,,0.000030517578x-30,"Unresolved sprite GUID 03db1a73f7e7c9f4bb5d1580261ddeb3. GUID could not be resolved from project, package, or package cache metadata."
Assets/Photon/PhotonUnityNetworking/Demos/PunCockpit/PunCockpit-Scene.unity,Scene,PunCockpit-Scene,Canvas/Maximal Panel/Lobby Panel/RoomList Panel,,Image,m_Sprite,unresolved_guid,sprite,,,0x-0.0000047683716,"Unresolved sprite GUID 03db1a73f7e7c9f4bb5d1580261ddeb3. GUID could not be resolved from project, package, or package cache metadata."
Assets/Photon/PhotonUnityNetworking/Demos/PunCockpit/PunCockpit-Scene.unity,Scene,PunCockpit-Scene,Canvas/Maximal Panel/Game Panel/Tab Views/Properties Panel,,Image,m_Sprite,unresolved_guid,sprite,,,0x0,"Unresolved sprite GUID 03db1a73f7e7c9f4bb5d1580261ddeb3. GUID could not be resolved from project, package, or package cache metadata."
Assets/Photon/PhotonUnityNetworking/Demos/PunCockpit/PunCockpit-Scene.unity,Scene,PunCockpit-Scene,Canvas/Maximal Panel/Connection Panel Advanced/Tab Views/Properties Panel,,Image,m_Sprite,unresolved_guid,sprite,,,0x0,"Unresolved sprite GUID 03db1a73f7e7c9f4bb5d1580261ddeb3. GUID could not be resolved from project, package, or package cache metadata."
Assets/Photon/PhotonUnityNetworking/Demos/PunCockpit/PunCockpit-Scene.unity,Scene,PunCockpit-Scene,Canvas/Maximal Panel/Game Panel/Tab Views/Properties Panel/PlayerList Panel/Scroll View,,Image,m_Sprite,unresolved_guid,sprite,,,0x0,"Unresolved sprite GUID 03db1a73f7e7c9f4bb5d1580261ddeb3. GUID could not be resolved from project, package, or package cache metadata."
Assets/Photon/PhotonUnityNetworking/Demos/PunCockpit/PunCockpit-Scene.unity,Scene,PunCockpit-Scene,Canvas/Maximal Panel/Lobby Panel/RoomList Panel/Scroll View,,Image,m_Sprite,unresolved_guid,sprite,,,0x0,"Unresolved sprite GUID 03db1a73f7e7c9f4bb5d1580261ddeb3. GUID could not be resolved from project, package, or package cache metadata."
Assets/Prefab/Draggable_Card.prefab,Prefab,,Draggable_Card,Draggable_Card,Image,m_Sprite,unresolved_guid,sprite,,,150x210,"Unresolved sprite GUID 65a5f7e34efd0504a89de48a69998a1b. GUID could not be resolved from project, package, or package cache metadata."
Assets/Prefab/LoadingObject.prefab,Prefab,,LoadingObject/Animation/Agumon,LoadingObject,Image,m_Sprite,unresolved_guid,sprite,,,150x150,"Unresolved sprite GUID c2e4dc87ef7120c428b9c78df4c39467. GUID could not be resolved from project, package, or package cache metadata."
Assets/Prefab/LoadingObject.prefab,Prefab,,LoadingObject/Animation/Meat,LoadingObject,Image,m_Sprite,unresolved_guid,sprite,,,100x100,"Unresolved sprite GUID 95cd7bb919a9b0a4aa6d6d07fbbf9f46. GUID could not be resolved from project, package, or package cache metadata."
Assets/Prefab/OpenWiki.prefab,Prefab,,OpenWiki/OpenWikiButton/Icon (1),OpenWiki,Image,m_Sprite,unresolved_guid,sprite,,,25x25,"Unresolved sprite GUID f1b375fbb9bf040489ee74a05fe86290. GUID could not be resolved from project, package, or package cache metadata."
Assets/Prefab/OptionPanel.prefab,Prefab,,OptionPanel/Options/OptionScrollView/Viewport/Content/Tutorial/TutorialButton/Icon (2),OptionPanel,Image,m_Sprite,unresolved_guid,sprite,,,25x25,"Unresolved sprite GUID cf3030a07e4b3fa44b21851585267d89. GUID could not be resolved from project, package, or package cache metadata."
Assets/Prefab/ShowEffectDiscription.prefab,Prefab,,ShowEffectDiscription/backgorund/CardImageOutline/CardMask/CardImage,ShowEffectDiscription,Image,m_Sprite,unresolved_guid,sprite,,,200x280,"Unresolved sprite GUID 202884f52cfa4584ea27e4e17a067533. GUID could not be resolved from project, package, or package cache metadata."
Assets/Prefab/UI/Battle Scene/BlockerEffect.prefab,Prefab,,BlockerEffect/Shield_03,BlockerEffect,Class23,- {fileID,unresolved_guid,material,,,,"Unresolved material GUID 1c2264b561c56a44596a208b6bfc9ced. GUID could not be resolved from project, package, or package cache metadata."
Assets/Prefab/UI/Battle Scene/BlockerEffect.prefab,Prefab,,BlockerEffect/Shield_03,BlockerEffect,Animator,m_Controller,unresolved_guid,animation_object,,,,"Unresolved animation_object GUID f1387c30d0be8754890d53bbe7e57f3f. GUID could not be resolved from project, package, or package cache metadata."
Assets/Prefab/UI/Battle Scene/Life recovery effect.prefab,Prefab,,Life recovery effect/ring1/ring2,Life recovery effect,ParticleSystemRenderer,- {fileID,unresolved_guid,material,,,,"Unresolved material GUID 85ff0e8ed75f542a2a6009d16b39c939. GUID could not be resolved from project, package, or package cache metadata."
Assets/Prefab/UI/Battle Scene/Life recovery effect.prefab,Prefab,,Life recovery effect/ring1/par3,Life recovery effect,ParticleSystemRenderer,- {fileID,unresolved_guid,material,,,,"Unresolved material GUID c91ba1d1494094ae0aa8fdd96e171933. GUID could not be resolved from project, package, or package cache metadata."
Assets/Prefab/UI/Battle Scene/Life recovery effect.prefab,Prefab,,Life recovery effect/ring1/glitter2,Life recovery effect,ParticleSystemRenderer,- {fileID,unresolved_guid,material,,,,"Unresolved material GUID ab6d36e9c16ce4fbea9b063c3ee8e129. GUID could not be resolved from project, package, or package cache metadata."
Assets/Prefab/UI/Battle Scene/Life recovery effect.prefab,Prefab,,Life recovery effect/ring1/par1,Life recovery effect,ParticleSystemRenderer,- {fileID,unresolved_guid,material,,,,"Unresolved material GUID c91ba1d1494094ae0aa8fdd96e171933. GUID could not be resolved from project, package, or package cache metadata."
Assets/Prefab/UI/Battle Scene/Life recovery effect.prefab,Prefab,,Life recovery effect/ring1,Life recovery effect,ParticleSystemRenderer,- {fileID,unresolved_guid,material,,,,"Unresolved material GUID 9beffdc4f342f4c08b67045fea7b38a6. GUID could not be resolved from project, package, or package cache metadata."
Assets/Prefab/UI/Battle Scene/Life recovery effect.prefab,Prefab,,Life recovery effect/ring1/glitter1,Life recovery effect,ParticleSystemRenderer,- {fileID,unresolved_guid,material,,,,"Unresolved material GUID 8deacecb10135482fa3a8518a7c6f06f. GUID could not be resolved from project, package, or package cache metadata."
Assets/Prefab/UI/Opening Scene/Circuits.prefab,Prefab,,Circuits,Circuits,ParticleSystemRenderer,- {fileID,unresolved_guid,material,,,,"Unresolved material GUID 3914876646cf8ff449e3c81d1191b913. GUID could not be resolved from project, package, or package cache metadata."
Assets/Prefab/UI/Opening Scene/PixelRise.prefab,Prefab,,PixelRise,PixelRise,ParticleSystemRenderer,- {fileID,unresolved_guid,material,,,,"Unresolved material GUID 9a5dee65196d5a144ab264e5de768245. GUID could not be resolved from project, package, or package cache metadata."
Assets/Prefab/UI/Opening Scene/PixelStorm.prefab,Prefab,,PixelStorm,PixelStorm,ParticleSystemRenderer,- {fileID,unresolved_guid,material,,,,"Unresolved material GUID 9a5dee65196d5a144ab264e5de768245. GUID could not be resolved from project, package, or package cache metadata."
Assets/Prefab/VolumePanel.prefab,Prefab,,VolumePanel/VolumePanel/SE/SESlider/Fill Area/Fill,VolumePanel,Image,m_Sprite,unresolved_guid,sprite,,,10x0,"Unresolved sprite GUID 4fd29d6a64b9e234fa86cdd3ac974a73. GUID could not be resolved from project, package, or package cache metadata."
Assets/Prefab/VolumePanel.prefab,Prefab,,VolumePanel/VolumePanel/SE/SESlider/Background,VolumePanel,Image,m_Sprite,unresolved_guid,sprite,,,0x0,"Unresolved sprite GUID 4fd29d6a64b9e234fa86cdd3ac974a73. GUID could not be resolved from project, package, or package cache metadata."
Assets/Prefab/VolumePanel.prefab,Prefab,,VolumePanel/VolumePanel/BGM/BGMSlider/Fill Area/Fill,VolumePanel,Image,m_Sprite,unresolved_guid,sprite,,,10x0,"Unresolved sprite GUID 4fd29d6a64b9e234fa86cdd3ac974a73. GUID could not be resolved from project, package, or package cache metadata."
Assets/Prefab/VolumePanel.prefab,Prefab,,VolumePanel/VolumePanel/BGM/BGMSlider/Background,VolumePanel,Image,m_Sprite,unresolved_guid,sprite,,,0x0,"Unresolved sprite GUID 4fd29d6a64b9e234fa86cdd3ac974a73. GUID could not be resolved from project, package, or package cache metadata."
Assets/Prefab/VolumePanel.prefab,Prefab,,VolumePanel/VolumePanel/BGM/SliderBack,VolumePanel,Image,m_Sprite,unresolved_guid,sprite,,,521.8x28,"Unresolved sprite GUID 6afdb03aed93d6b409be8eb300a10c48. GUID could not be resolved from project, package, or package cache metadata."
Assets/Prefab/VolumePanel.prefab,Prefab,,VolumePanel/VolumePanel/SE/SliderBack,VolumePanel,Image,m_Sprite,unresolved_guid,sprite,,,521.8x28,"Unresolved sprite GUID 6afdb03aed93d6b409be8eb300a10c48. GUID could not be resolved from project, package, or package cache metadata."
Assets/Scenes/Opening 1.unity,Scene,Opening 1,Opening/Other panels/Random Match/EditDeck/Search_Filter/CardType/CardKindDropdown/Template/Viewport/Content/Item/Item Image,,Image,m_Sprite,unresolved_guid,sprite,,,30x30,"Unresolved sprite GUID 48cbe06c6c72f77459764414477e8120. GUID could not be resolved from project, package, or package cache metadata."
Assets/Scenes/Opening 1.unity,Scene,Opening 1,Opening/Other panels/Random Match/SelectBattleDeck/Parent/DeckInfoPanel/Parent/MainCharacter/CardMask/CardImage,,Image,m_Sprite,unresolved_guid,sprite,,,100x140,"Unresolved sprite GUID 9c787e74ad019fb4abc7015016555e15. GUID could not be resolved from project, package, or package cache metadata."
Assets/Scenes/Opening 1.unity,Scene,Opening 1,Opening/Other panels/Random Match/EditDeck/Search_Filter/Level/LevelDropdown/Template/Viewport/Content/Item/Item Image,,Image,m_Sprite,unresolved_guid,sprite,,,30x30,"Unresolved sprite GUID 48cbe06c6c72f77459764414477e8120. GUID could not be resolved from project, package, or package cache metadata."
Assets/Scenes/Opening 1.unity,Scene,Opening 1,Opening/Other panels/Random Match/EditDeck/Search_Filter/Color/ColorDropdown1/Template/Viewport/Content/Item/Item Image,,Image,m_Sprite,unresolved_guid,sprite,,,40x40,"Unresolved sprite GUID 48cbe06c6c72f77459764414477e8120. GUID could not be resolved from project, package, or package cache metadata."
Assets/Scenes/Opening 1.unity,Scene,Opening 1,Opening/Other panels/Random Match/EditDeck/Search_Filter/Color/ColorDropdown/Template/Viewport/Content/Item/Item Image,,Image,m_Sprite,unresolved_guid,sprite,,,40x40,"Unresolved sprite GUID 48cbe06c6c72f77459764414477e8120. GUID could not be resolved from project, package, or package cache metadata."
Assets/Scenes/Opening 1.unity,Scene,Opening 1,Opening/Other panels/Random Match/Room_RandomMatch/Parent/Parent/DeckInfoPanel/Parent/MainCharacter/CardMask/CardImage,,Image,m_Sprite,unresolved_guid,sprite,,,100x140,"Unresolved sprite GUID 9c787e74ad019fb4abc7015016555e15. GUID could not be resolved from project, package, or package cache metadata."
Assets/Scenes/Opening 1.unity,Scene,Opening 1,Opening/Other panels/Random Match/Image,,Image,m_Sprite,unresolved_guid,sprite,,,1920x1080,"Unresolved sprite GUID efc20bc7fe34a7947adc6893103d1277. GUID could not be resolved from project, package, or package cache metadata."
Assets/Scenes/Opening 1.unity,Scene,Opening 1,Opening/Other panels/Random Match/EditDeck/Search_Filter/Cost/CostDropdown/Template/Viewport/Content/Item/Item Image,,Image,m_Sprite,unresolved_guid,sprite,,,30x30,"Unresolved sprite GUID 48cbe06c6c72f77459764414477e8120. GUID could not be resolved from project, package, or package cache metadata."
Assets/Scenes/Opening 1.unity,Scene,Opening 1,Opening/Friend Lobby/Room_FriendMatch/RoomParent/Parent/DeckInfoPanel/Parent/MainCharacter/CardMask/CardImage,,Image,m_Sprite,unresolved_guid,sprite,,,100x140,"Unresolved sprite GUID 9c787e74ad019fb4abc7015016555e15. GUID could not be resolved from project, package, or package cache metadata."
Assets/Scenes/Opening 1.unity,Scene,Opening 1,Opening/Other panels/Random Match/EditDeck/Search_Filter/CardSet/CardSetDropdown/Template/Viewport/Content/Item/Item Image,,Image,m_Sprite,unresolved_guid,sprite,,,30x30,"Unresolved sprite GUID 48cbe06c6c72f77459764414477e8120. GUID could not be resolved from project, package, or package cache metadata."
Assets/Scenes/Opening 1.unity,Scene,Opening 1,Opening/Other panels/Random Match/EditDeck/Search_Filter/Rarity/RarityDropdown/Template/Viewport/Content/Item/Item Image,,Image,m_Sprite,unresolved_guid,sprite,,,30x30,"Unresolved sprite GUID 48cbe06c6c72f77459764414477e8120. GUID could not be resolved from project, package, or package cache metadata."
Assets/Scenes/Opening 1.unity,Scene,Opening 1,Opening/DeckSelection/Battle Selection/SelectDeck/Parent/DeckInfoPanel/Parent/MainCharacter/CardMask/CardImage,,Image,m_Sprite,unresolved_guid,sprite,,,100x140,"Unresolved sprite GUID 9c787e74ad019fb4abc7015016555e15. GUID could not be resolved from project, package, or package cache metadata."
Assets/Scenes/Opening.unity,Scene,Opening,Opening/Other panels/Random Match/EditDeck/Search_Filter/CardType/CardKindDropdown/Template/Viewport/Content/Item/Item Image,,Image,m_Sprite,unresolved_guid,sprite,,,30x30,"Unresolved sprite GUID 48cbe06c6c72f77459764414477e8120. GUID could not be resolved from project, package, or package cache metadata."
Assets/Scenes/Opening.unity,Scene,Opening,Opening/Other panels/Random Match/SelectBattleDeck/Parent/DeckInfoPanel/Parent/MainCharacter/CardMask/CardImage,,Image,m_Sprite,unresolved_guid,sprite,,,100x140,"Unresolved sprite GUID 9c787e74ad019fb4abc7015016555e15. GUID could not be resolved from project, package, or package cache metadata."
Assets/Scenes/Opening.unity,Scene,Opening,Opening/Other panels/Random Match/EditDeck/Search_Filter/Level/LevelDropdown/Template/Viewport/Content/Item/Item Image,,Image,m_Sprite,unresolved_guid,sprite,,,30x30,"Unresolved sprite GUID 48cbe06c6c72f77459764414477e8120. GUID could not be resolved from project, package, or package cache metadata."
Assets/Scenes/Opening.unity,Scene,Opening,Opening/Other panels/Random Match/EditDeck/Search_Filter/Color/ColorDropdown1/Template/Viewport/Content/Item/Item Image,,Image,m_Sprite,unresolved_guid,sprite,,,40x40,"Unresolved sprite GUID 48cbe06c6c72f77459764414477e8120. GUID could not be resolved from project, package, or package cache metadata."
Assets/Scenes/Opening.unity,Scene,Opening,Opening/Other panels/Random Match/EditDeck/Search_Filter/Color/ColorDropdown/Template/Viewport/Content/Item/Item Image,,Image,m_Sprite,unresolved_guid,sprite,,,40x40,"Unresolved sprite GUID 48cbe06c6c72f77459764414477e8120. GUID could not be resolved from project, package, or package cache metadata."
Assets/Scenes/Opening.unity,Scene,Opening,Opening/Other panels/Random Match/Room_RandomMatch/Parent/Parent/DeckInfoPanel/Parent/MainCharacter/CardMask/CardImage,,Image,m_Sprite,unresolved_guid,sprite,,,100x140,"Unresolved sprite GUID 9c787e74ad019fb4abc7015016555e15. GUID could not be resolved from project, package, or package cache metadata."
Assets/Scenes/Opening.unity,Scene,Opening,Opening/Other panels/Random Match/Image,,Image,m_Sprite,unresolved_guid,sprite,,,1920x1080,"Unresolved sprite GUID efc20bc7fe34a7947adc6893103d1277. GUID could not be resolved from project, package, or package cache metadata."
Assets/Scenes/Opening.unity,Scene,Opening,Opening/Other panels/Random Match/EditDeck/Search_Filter/Cost/CostDropdown/Template/Viewport/Content/Item/Item Image,,Image,m_Sprite,unresolved_guid,sprite,,,30x30,"Unresolved sprite GUID 48cbe06c6c72f77459764414477e8120. GUID could not be resolved from project, package, or package cache metadata."
Assets/Scenes/Opening.unity,Scene,Opening,Opening/Friend Lobby/Room_FriendMatch/RoomParent/Parent/DeckInfoPanel/Parent/MainCharacter/CardMask/CardImage,,Image,m_Sprite,unresolved_guid,sprite,,,100x140,"Unresolved sprite GUID 9c787e74ad019fb4abc7015016555e15. GUID could not be resolved from project, package, or package cache metadata."
Assets/Scenes/Opening.unity,Scene,Opening,Opening/Other panels/Random Match/EditDeck/Search_Filter/CardSet/CardSetDropdown/Template/Viewport/Content/Item/Item Image,,Image,m_Sprite,unresolved_guid,sprite,,,30x30,"Unresolved sprite GUID 48cbe06c6c72f77459764414477e8120. GUID could not be resolved from project, package, or package cache metadata."
Assets/Scenes/Opening.unity,Scene,Opening,Opening/Other panels/Random Match/EditDeck/Search_Filter/Rarity/RarityDropdown/Template/Viewport/Content/Item/Item Image,,Image,m_Sprite,unresolved_guid,sprite,,,30x30,"Unresolved sprite GUID 48cbe06c6c72f77459764414477e8120. GUID could not be resolved from project, package, or package cache metadata."
Assets/Scenes/Opening.unity,Scene,Opening,Opening/DeckSelection/Battle Selection/SelectDeck/Parent/DeckInfoPanel/Parent/MainCharacter/CardMask/CardImage,,Image,m_Sprite,unresolved_guid,sprite,,,100x140,"Unresolved sprite GUID 9c787e74ad019fb4abc7015016555e15. GUID could not be resolved from project, package, or package cache metadata."
